metric,mean,std,ci95
delta_reward,-179.43611744265004,0.9680211801192121,1.0954190862892492
delta_len,0.0,0.0,0.0
delta_xvel,0.03597101848564932,0.0011328992196677822,0.0012819961521022257
