{
  "model": "D:\\Git\\robotlearning\\h1_mujoco\\models\\dr_best\\best_model.zip",
  "vecnorm": "D:\\Git\\robotlearning\\h1_mujoco\\models\\dr_best\\h1_vecnorm_best.pkl",
  "episodes": 8,
  "target_vel": 1.0,
  "seed": null,
  "base": {
    "reward_mean": 2917.4186096151925,
    "reward_std": 0.8768029865293547,
    "len_mean": 1000.0,
    "len_std": 0.0,
    "xvel_mean": 0.9277966730807279,
    "xvel_std": 0.00034989842949558923
  },
  "dr": {
    "reward_mean": 1756.9260430228737,
    "reward_std": 1284.6945832253398,
    "len_mean": 652.625,
    "len_std": 448.56519523364716,
    "xvel_mean": 0.8209452168419087,
    "xvel_std": 0.20506342058581647
  },
  "delta": {
    "reward_mean": -1160.4925665923188,
    "len_mean": -347.375,
    "xvel_mean": -0.1068514562388192
  }
}